task,expected,actual,group,error,correct,unsound,imprecise,coverage_threshold,coverage,points
ch.ethz.rse.integration.tests.Basic_Test_Safe:START_END_ORDER,SAFE,SAFE,da-ro,False,True,False,False,False,,1
ch.ethz.rse.integration.tests.Basic_Test_Safe:AFTER_START,SAFE,SAFE,da-ro,False,True,False,False,False,,1
ch.ethz.rse.integration.tests.Basic_Test_Safe:BEFORE_END,SAFE,SAFE,da-ro,False,True,False,False,False,,1
ch.ethz.rse.integration.tests.Basic_Test_Unsafe:START_END_ORDER,UNSAFE,UNSAFE,da-ro,False,True,False,False,False,,1
ch.ethz.rse.integration.tests.Basic_Test_Unsafe:AFTER_START,UNSAFE,UNSAFE,da-ro,False,True,False,False,False,,1
ch.ethz.rse.integration.tests.Basic_Test_Unsafe:BEFORE_END,UNSAFE,UNSAFE,da-ro,False,True,False,False,False,,1
ch.ethz.rse.integration.tests.Test_Arith_Mult:START_END_ORDER,SAFE,SAFE,da-ro,False,True,False,False,False,,1
ch.ethz.rse.integration.tests.Test_Arith_Mult:AFTER_START,SAFE,SAFE,da-ro,False,True,False,False,False,,1
ch.ethz.rse.integration.tests.Test_Arith_Mult_2:START_END_ORDER,UNSAFE,UNSAFE,da-ro,False,True,False,False,False,,1
ch.ethz.rse.integration.tests.Test_Arith_Mult_2:AFTER_START,UNSAFE,UNSAFE,da-ro,False,True,False,False,False,,1
ch.ethz.rse.integration.tests.Test_Arith_Nested:START_END_ORDER,SAFE,SAFE,da-ro,False,True,False,False,False,,1
ch.ethz.rse.integration.tests.Test_Arith_Nested:AFTER_START,SAFE,SAFE,da-ro,False,True,False,False,False,,1
ch.ethz.rse.integration.tests.Test_Arith_Nested_2:START_END_ORDER,UNSAFE,UNSAFE,da-ro,False,True,False,False,False,,1
ch.ethz.rse.integration.tests.Test_Arith_Nested_2:AFTER_START,UNSAFE,UNSAFE,da-ro,False,True,False,False,False,,1
ch.ethz.rse.integration.tests.Test_Before_End_Conditional_1:BEFORE_END,UNSAFE,UNSAFE,da-ro,False,True,False,False,False,,1
ch.ethz.rse.integration.tests.Test_Before_End_Conditional_2:BEFORE_END,SAFE,SAFE,da-ro,False,True,False,False,False,,1
ch.ethz.rse.integration.tests.Test_Before_End_Conditional_3:BEFORE_END,SAFE,SAFE,da-ro,False,True,False,False,False,,1
ch.ethz.rse.integration.tests.Test_Before_End_Conditional_4:BEFORE_END,SAFE,UNSAFE,da-ro,False,False,False,True,False,,0
ch.ethz.rse.integration.tests.Test_Before_End_Increment_After_New_1:BEFORE_END,SAFE,SAFE,da-ro,False,True,False,False,False,,1
ch.ethz.rse.integration.tests.Test_Before_End_Increment_After_New_2:BEFORE_END,UNSAFE,UNSAFE,da-ro,False,True,False,False,False,,1
ch.ethz.rse.integration.tests.Test_Before_End_Loop_1:BEFORE_END,SAFE,SAFE,da-ro,False,True,False,False,False,,1
ch.ethz.rse.integration.tests.Test_Before_End_Loop_2:BEFORE_END,SAFE,SAFE,da-ro,False,True,False,False,False,,1
ch.ethz.rse.integration.tests.Test_Before_End_Loop_3:BEFORE_END,SAFE,SAFE,da-ro,False,True,False,False,False,,1
ch.ethz.rse.integration.tests.Test_Before_End_Loop_4:BEFORE_END,UNSAFE,UNSAFE,da-ro,False,True,False,False,False,,1
ch.ethz.rse.integration.tests.Test_Before_End_Loop_5:BEFORE_END,UNSAFE,UNSAFE,da-ro,False,True,False,False,False,,1
ch.ethz.rse.integration.tests.Test_Before_End_Loop_Decrement_1:BEFORE_END,SAFE,SAFE,da-ro,False,True,False,False,False,,1
ch.ethz.rse.integration.tests.Test_Before_End_Loop_Decrement_2:BEFORE_END,UNSAFE,UNSAFE,da-ro,False,True,False,False,False,,1
ch.ethz.rse.integration.tests.Test_Before_End_Loop_Decrement_3:BEFORE_END,UNSAFE,UNSAFE,da-ro,False,True,False,False,False,,1
ch.ethz.rse.integration.tests.Test_Bop_Or:START_END_ORDER,SAFE,SAFE,da-ro,False,True,False,False,False,,1
ch.ethz.rse.integration.tests.Test_Bop_Or:AFTER_START,SAFE,SAFE,da-ro,False,True,False,False,False,,1
ch.ethz.rse.integration.tests.Test_Bop_Or_2:START_END_ORDER,SAFE,SAFE,da-ro,False,True,False,False,False,,1
ch.ethz.rse.integration.tests.Test_Bop_Or_2:AFTER_START,SAFE,SAFE,da-ro,False,True,False,False,False,,1
ch.ethz.rse.integration.tests.Test_Branch_Limit:AFTER_START,SAFE,SAFE,da-ro,False,True,False,False,False,,1
ch.ethz.rse.integration.tests.Test_Comp_Eq:START_END_ORDER,SAFE,SAFE,da-ro,False,True,False,False,False,,1
ch.ethz.rse.integration.tests.Test_Comp_Eq:AFTER_START,SAFE,SAFE,da-ro,False,True,False,False,False,,1
ch.ethz.rse.integration.tests.Test_Comp_Eq_2:START_END_ORDER,UNSAFE,UNSAFE,da-ro,False,True,False,False,False,,1
ch.ethz.rse.integration.tests.Test_Comp_Eq_2:AFTER_START,SAFE,SAFE,da-ro,False,True,False,False,False,,1
ch.ethz.rse.integration.tests.Test_Comp_Geq:START_END_ORDER,SAFE,SAFE,da-ro,False,True,False,False,False,,1
ch.ethz.rse.integration.tests.Test_Comp_Geq:AFTER_START,SAFE,SAFE,da-ro,False,True,False,False,False,,1
ch.ethz.rse.integration.tests.Test_Comp_Greater:START_END_ORDER,SAFE,SAFE,da-ro,False,True,False,False,False,,1
ch.ethz.rse.integration.tests.Test_Comp_Greater:AFTER_START,SAFE,SAFE,da-ro,False,True,False,False,False,,1
ch.ethz.rse.integration.tests.Test_Comp_Greater_2:START_END_ORDER,UNSAFE,UNSAFE,da-ro,False,True,False,False,False,,1
ch.ethz.rse.integration.tests.Test_Comp_Greater_2:AFTER_START,UNSAFE,UNSAFE,da-ro,False,True,False,False,False,,1
ch.ethz.rse.integration.tests.Test_Comp_Leq:START_END_ORDER,SAFE,SAFE,da-ro,False,True,False,False,False,,1
ch.ethz.rse.integration.tests.Test_Comp_Leq:AFTER_START,SAFE,SAFE,da-ro,False,True,False,False,False,,1
ch.ethz.rse.integration.tests.Test_Comp_Less:START_END_ORDER,SAFE,SAFE,da-ro,False,True,False,False,False,,1
ch.ethz.rse.integration.tests.Test_Comp_Less:AFTER_START,SAFE,SAFE,da-ro,False,True,False,False,False,,1
ch.ethz.rse.integration.tests.Test_Comp_Less_2:START_END_ORDER,UNSAFE,UNSAFE,da-ro,False,True,False,False,False,,1
ch.ethz.rse.integration.tests.Test_Comp_Less_2:AFTER_START,UNSAFE,UNSAFE,da-ro,False,True,False,False,False,,1
ch.ethz.rse.integration.tests.Test_Comp_Neq:START_END_ORDER,UNSAFE,UNSAFE,da-ro,False,True,False,False,False,,1
ch.ethz.rse.integration.tests.Test_Comp_Neq:AFTER_START,UNSAFE,UNSAFE,da-ro,False,True,False,False,False,,1
ch.ethz.rse.integration.tests.Test_Increments:START_END_ORDER,SAFE,SAFE,da-ro,False,True,False,False,False,,1
ch.ethz.rse.integration.tests.Test_Increments_2:START_END_ORDER,UNSAFE,UNSAFE,da-ro,False,True,False,False,False,,1
ch.ethz.rse.integration.tests.Test_Loop_Correlated:START_END_ORDER,SAFE,SAFE,da-ro,False,True,False,False,False,,1
ch.ethz.rse.integration.tests.Test_Loop_Correlated_2:START_END_ORDER,UNSAFE,UNSAFE,da-ro,False,True,False,False,False,,1
ch.ethz.rse.integration.tests.Test_Loop_Correlated_Widening:START_END_ORDER,SAFE,SAFE,da-ro,False,True,False,False,False,,1
ch.ethz.rse.integration.tests.Test_Loop_Correlated_Widening_2:AFTER_START,UNSAFE,UNSAFE,da-ro,False,True,False,False,False,,1
ch.ethz.rse.integration.tests.Test_Loop_Correlated_Widening_3:AFTER_START,UNSAFE,UNSAFE,da-ro,False,True,False,False,False,,1
ch.ethz.rse.integration.tests.Test_Loop_Correlated_Widening_4:START_END_ORDER,SAFE,SAFE,da-ro,False,True,False,False,False,,1
ch.ethz.rse.integration.tests.Test_Loop_Long:START_END_ORDER,UNSAFE,SAFE,da-ro,False,False,True,False,False,,-2
ch.ethz.rse.integration.tests.Test_Loop_Long:AFTER_START,UNSAFE,SAFE,da-ro,False,False,True,False,False,,-2
ch.ethz.rse.integration.tests.Test_Loop_Long_2:START_END_ORDER,UNSAFE,UNSAFE,da-ro,False,True,False,False,False,,1
ch.ethz.rse.integration.tests.Test_Loop_Long_2:AFTER_START,UNSAFE,SAFE,da-ro,False,False,True,False,False,,-2
ch.ethz.rse.integration.tests.Test_Loop_Long_3:START_END_ORDER,UNSAFE,UNSAFE,da-ro,False,True,False,False,False,,1
ch.ethz.rse.integration.tests.Test_Loop_Long_3:AFTER_START,UNSAFE,UNSAFE,da-ro,False,True,False,False,False,,1
ch.ethz.rse.integration.tests.Test_Loop_Long_4:START_END_ORDER,SAFE,SAFE,da-ro,False,True,False,False,False,,1
ch.ethz.rse.integration.tests.Test_Loop_Long_4:AFTER_START,SAFE,SAFE,da-ro,False,True,False,False,False,,1
ch.ethz.rse.integration.tests.Test_Loop_Safe:START_END_ORDER,SAFE,SAFE,da-ro,False,True,False,False,False,,1
ch.ethz.rse.integration.tests.Test_Loop_Safe:AFTER_START,SAFE,SAFE,da-ro,False,True,False,False,False,,1
ch.ethz.rse.integration.tests.Test_Loop_Single_Iteration:START_END_ORDER,SAFE,SAFE,da-ro,False,True,False,False,False,,1
ch.ethz.rse.integration.tests.Test_Loop_Single_Iteration:AFTER_START,SAFE,SAFE,da-ro,False,True,False,False,False,,1
ch.ethz.rse.integration.tests.Test_Loop_Single_Iteration_2:START_END_ORDER,UNSAFE,UNSAFE,da-ro,False,True,False,False,False,,1
ch.ethz.rse.integration.tests.Test_Loop_Single_Iteration_2:AFTER_START,UNSAFE,UNSAFE,da-ro,False,True,False,False,False,,1
ch.ethz.rse.integration.tests.Test_Loop_Unsafe:START_END_ORDER,UNSAFE,UNSAFE,da-ro,False,True,False,False,False,,1
ch.ethz.rse.integration.tests.Test_Loop_Unused:START_END_ORDER,UNSAFE,UNSAFE,da-ro,False,True,False,False,False,,1
ch.ethz.rse.integration.tests.Test_Nested_If:AFTER_START,SAFE,SAFE,da-ro,False,True,False,False,False,,1
ch.ethz.rse.integration.tests.Test_Nested_If_2:START_END_ORDER,SAFE,SAFE,da-ro,False,True,False,False,False,,1
ch.ethz.rse.integration.tests.Test_Nested_If_2:AFTER_START,SAFE,SAFE,da-ro,False,True,False,False,False,,1
ch.ethz.rse.integration.tests.Test_Nonterm_End:START_END_ORDER,SAFE,SAFE,da-ro,False,True,False,False,False,,1
ch.ethz.rse.integration.tests.Test_Nonterm_End_2:START_END_ORDER,SAFE,SAFE,da-ro,False,True,False,False,False,,1
ch.ethz.rse.integration.tests.Test_Nonterm_End_2:AFTER_START,SAFE,SAFE,da-ro,False,True,False,False,False,,1
ch.ethz.rse.integration.tests.Test_Nonterm_Unreachable:START_END_ORDER,SAFE,SAFE,da-ro,False,True,False,False,False,,1
ch.ethz.rse.integration.tests.Test_Nonterm_Unreachable:AFTER_START,SAFE,SAFE,da-ro,False,True,False,False,False,,1
ch.ethz.rse.integration.tests.Test_Overwrite_Numerical:START_END_ORDER,SAFE,SAFE,da-ro,False,True,False,False,False,,1
ch.ethz.rse.integration.tests.Test_Pointer_Ambiguous_If:AFTER_START,UNSAFE,UNSAFE,da-ro,False,True,False,False,False,,1
ch.ethz.rse.integration.tests.Test_Pointer_Ambiguous_If_2:AFTER_START,SAFE,SAFE,da-ro,False,True,False,False,False,,1
ch.ethz.rse.integration.tests.Test_Pointer_Ambiguous_Loop:AFTER_START,UNSAFE,UNSAFE,da-ro,False,True,False,False,False,,1
ch.ethz.rse.integration.tests.Test_Pointer_Assignment:AFTER_START,SAFE,SAFE,da-ro,False,True,False,False,False,,1
ch.ethz.rse.integration.tests.Test_Pointer_Independent:AFTER_START,SAFE,SAFE,da-ro,False,True,False,False,False,,1
ch.ethz.rse.integration.tests.Test_Pointer_Reassignment:AFTER_START,SAFE,SAFE,da-ro,False,True,False,False,False,,1
ch.ethz.rse.integration.tests.Test_Pointer_Unused:AFTER_START,SAFE,SAFE,da-ro,False,True,False,False,False,,1
ch.ethz.rse.integration.tests.Test_Short_Loop:START_END_ORDER,SAFE,SAFE,da-ro,False,True,False,False,False,,1
ch.ethz.rse.integration.tests.Test_Short_Loop:AFTER_START,SAFE,SAFE,da-ro,False,True,False,False,False,,1
ch.ethz.rse.integration.tests.Test_Short_Loop_2:AFTER_START,UNSAFE,UNSAFE,da-ro,False,True,False,False,False,,1
ch.ethz.rse.integration.tests.Test_Smaller_Relational:START_END_ORDER,SAFE,SAFE,da-ro,False,True,False,False,False,,1
ch.ethz.rse.integration.tests.Test_Smaller_Relational_2:START_END_ORDER,UNSAFE,UNSAFE,da-ro,False,True,False,False,False,,1
ch.ethz.rse.integration.tests.Test_Unreachable_Assignment:AFTER_START,SAFE,SAFE,da-ro,False,True,False,False,False,,1
ch.ethz.rse.integration.tests.Test_Unreachable_Geq:START_END_ORDER,SAFE,SAFE,da-ro,False,True,False,False,False,,1
ch.ethz.rse.integration.tests.Test_Unreachable_Loop:START_END_ORDER,SAFE,SAFE,da-ro,False,True,False,False,False,,1
ch.ethz.rse.integration.tests.Test_Unreachable_Multiple:START_END_ORDER,SAFE,SAFE,da-ro,False,True,False,False,False,,1
ch.ethz.rse.integration.tests.Test_Unreachable_Multiple:AFTER_START,SAFE,SAFE,da-ro,False,True,False,False,False,,1
ch.ethz.rse.integration.tests.Test_Unreachable_Neq:START_END_ORDER,SAFE,SAFE,da-ro,False,True,False,False,False,,1
ch.ethz.rse.integration.tests.Test_Unreachable_Neq:AFTER_START,SAFE,SAFE,da-ro,False,True,False,False,False,,1
ch.ethz.rse.integration.tests.Test_Unreachable_Nested:START_END_ORDER,SAFE,SAFE,da-ro,False,True,False,False,False,,1
ch.ethz.rse.integration.tests.Test_Unreachable_Reachable:START_END_ORDER,UNSAFE,UNSAFE,da-ro,False,True,False,False,False,,1
ch.ethz.rse.integration.tests.Test_Unreachable_Reachable:AFTER_START,SAFE,SAFE,da-ro,False,True,False,False,False,,1
ch.ethz.rse.integration.tests.Test_Unrelated_Argument:START_END_ORDER,SAFE,SAFE,da-ro,False,True,False,False,False,,1
Coverage,-,-,da-ro,False,False,False,False,True,0.8142818354602226,5
